PROVIDER_NUMBER,PROGRAM_NAME,FULL_ADDRESS,PROGRAM_TYPE,NOTE
P-169865,South Side Head Start II,"695 TRUMAN PARKWAY, Hyde Park, MA 02136",Center-based Care,Failed geocoding — excluded from spatial analysis
P-170569,Children's First at One Financial Center,"1 FINANCIAL CENTER, Boston, MA 02111",Center-based Care,Failed geocoding — excluded from spatial analysis
P-170827,YMCA of Greater Boston at the Wang YMCA,"821-831 Washington Street, Boston, MA 02116",Center-based Care,Failed geocoding — excluded from spatial analysis
P-173599,"Adams, Kathleen","785 VFW PKWY, West Roxbury, MA 02132-2406",Family Child Care,Failed geocoding — excluded from spatial analysis
P-177133,Eagle's Nest @ Boston College High School,"150 MORRISSEY BLVD., Dorchester, MA 02127",Center-based Care,Failed geocoding — excluded from spatial analysis
P-177145,Willow Path Childcare,"19 VFW PARKWAY, West Roxbury, MA 02132",Center-based Care,Failed geocoding — excluded from spatial analysis
P-247603,"Montas, Michel Marie","15 Egret Way, Mattapan, MA 02126",Family Child Care,Failed geocoding — excluded from spatial analysis
P-249416,Children's Center @ Western Avenue,"114 Western Avenue, Allston, MA 02134",Center-based Care,Failed geocoding — excluded from spatial analysis
P-259163,South Boston Catholic Academy Early Childhood Center,"100 N Street, South Boston, MA 02127",Center-based Care,Failed geocoding — excluded from spatial analysis
P-268494,YMCA of Greater Boston @ Maurice J Tobin K-8 School,"40 Smith Street, Roxbury, MA 02120",Center-based Care,Failed geocoding — excluded from spatial analysis
