PROVIDER_NUMBER,CORRECTED_ADDRESS
P-169865,"695 Truman Pkwy Hyde Park MA 02136"
P-170124,"25 Cummins Hwy Roslindale MA 02131"
P-170312,"10 Causeway Street Boston MA 02222"
P-170569,"1 Financial Center Boston MA 02111"
P-170827,"821 Washington Street Boston MA 02116"
P-173599,"785 VFW Parkway West Roxbury MA 02132"
P-177133,"150 Morrissey Boulevard Dorchester MA 02125"
P-177145,"19 VFW Parkway West Roxbury MA 02132"
P-247603,"15 Egret Way Boston MA 02126"
P-249416,"114 Western Avenue Boston MA 02134"
P-250388,"23 Mount Ida Road Boston MA 02122"
P-257761,"318 Tremont Street Boston MA 02116"
P-259163,"100 N Street South Boston MA 02127"
P-268494,"40 Smith Street Roxbury MA 02120"
